<?xml version="1.0"?>
<doc>
    <assembly>
        <name>zxing.corecompat.system.drawing</name>
    </assembly>
    <members>
        <member name="T:ZXing.CoreCompat.System.Drawing.BarcodeReader">
            <summary>
            A smart class to decode the barcode inside a bitmap object
            </summary>
        </member>
        <member name="M:ZXing.CoreCompat.System.Drawing.BarcodeReader.#ctor">
            <summary>
            Initializes a new instance of the <see cref="T:ZXing.CoreCompat.System.Drawing.BarcodeReader"/> class.
            </summary>
        </member>
        <member name="M:ZXing.CoreCompat.System.Drawing.BarcodeReader.#ctor(ZXing.Reader,ZXing.Func{System.Drawing.Bitmap,ZXing.LuminanceSource},ZXing.Func{ZXing.LuminanceSource,ZXing.Binarizer})">
            <summary>
            Initializes a new instance of the <see cref="T:ZXing.CoreCompat.System.Drawing.BarcodeReader"/> class.
            </summary>
            <param name="reader">Sets the reader which should be used to find and decode the barcode.
            If null then MultiFormatReader is used</param>
            <param name="createLuminanceSource">Sets the function to create a luminance source object for a bitmap.
            If null, an exception is thrown when Decode is called</param>
            <param name="createBinarizer">Sets the function to create a binarizer object for a luminance source.
            If null then HybridBinarizer is used</param>
        </member>
        <member name="M:ZXing.CoreCompat.System.Drawing.BarcodeReader.#ctor(ZXing.Reader,ZXing.Func{System.Drawing.Bitmap,ZXing.LuminanceSource},ZXing.Func{ZXing.LuminanceSource,ZXing.Binarizer},ZXing.Func{System.Byte[],System.Int32,System.Int32,ZXing.RGBLuminanceSource.BitmapFormat,ZXing.LuminanceSource})">
            <summary>
            Initializes a new instance of the <see cref="T:ZXing.CoreCompat.System.Drawing.BarcodeReader"/> class.
            </summary>
            <param name="reader">Sets the reader which should be used to find and decode the barcode.
            If null then MultiFormatReader is used</param>
            <param name="createLuminanceSource">Sets the function to create a luminance source object for a bitmap.
            If null, an exception is thrown when Decode is called</param>
            <param name="createBinarizer">Sets the function to create a binarizer object for a luminance source.
            If null then HybridBinarizer is used</param>
            <param name="createRGBLuminanceSource">Sets the function to create a luminance source object for a rgb raw byte array.</param>
        </member>
        <member name="T:ZXing.CoreCompat.System.Drawing.BarcodeWriter">
            <summary>
            A smart class to encode some content to a barcode image
            </summary>
        </member>
        <member name="M:ZXing.CoreCompat.System.Drawing.BarcodeWriter.#ctor">
            <summary>
            
            </summary>
        </member>
        <member name="T:ZXing.CoreCompat.System.Drawing.BitmapLuminanceSource">
            <summary>
            class which represents the luminance values for a bitmap object
            </summary>
        </member>
        <member name="M:ZXing.CoreCompat.System.Drawing.BitmapLuminanceSource.#ctor(System.Int32,System.Int32)">
            <summary>
            Initializes a new instance of the <see cref="T:ZXing.CoreCompat.System.Drawing.BitmapLuminanceSource"/> class.
            </summary>
            <param name="width">The width.</param>
            <param name="height">The height.</param>
        </member>
        <member name="M:ZXing.CoreCompat.System.Drawing.BitmapLuminanceSource.#ctor(System.Drawing.Bitmap)">
            <summary>
            Initializes a new instance of the <see cref="T:ZXing.CoreCompat.System.Drawing.BitmapLuminanceSource"/> class
            with the image of a Bitmap instance
            </summary>
            <param name="bitmap">The bitmap.</param>
        </member>
        <member name="M:ZXing.CoreCompat.System.Drawing.BitmapLuminanceSource.CreateLuminanceSource(System.Byte[],System.Int32,System.Int32)">
            <summary>
            Should create a new luminance source with the right class type.
            The method is used in methods crop and rotate.
            </summary>
            <param name="newLuminances">The new luminances.</param>
            <param name="width">The width.</param>
            <param name="height">The height.</param>
            <returns></returns>
        </member>
        <member name="T:ZXing.CoreCompat.Rendering.BitmapRenderer">
            <summary>
            Renders a <see cref="T:ZXing.Common.BitMatrix" /> to a <see cref="T:System.Drawing.Bitmap" /> image
            </summary>
        </member>
        <member name="P:ZXing.CoreCompat.Rendering.BitmapRenderer.Foreground">
            <summary>
            Gets or sets the foreground color.
            </summary>
            <value>The foreground color.</value>
        </member>
        <member name="P:ZXing.CoreCompat.Rendering.BitmapRenderer.Background">
            <summary>
            Gets or sets the background color.
            </summary>
            <value>The background color.</value>
        </member>
        <member name="P:ZXing.CoreCompat.Rendering.BitmapRenderer.DpiX">
            <summary>
            Gets or sets the resolution which should be used to create the bitmap
            If nothing is set the current system settings are used
            </summary>
        </member>
        <member name="P:ZXing.CoreCompat.Rendering.BitmapRenderer.DpiY">
            <summary>
            Gets or sets the resolution which should be used to create the bitmap
            If nothing is set the current system settings are used
            </summary>
        </member>
        <member name="P:ZXing.CoreCompat.Rendering.BitmapRenderer.TextFont">
            <summary>
            Gets or sets the text font.
            </summary>
            <value>
            The text font.
            </value>
        </member>
        <member name="M:ZXing.CoreCompat.Rendering.BitmapRenderer.#ctor">
            <summary>
            Initializes a new instance of the <see cref="T:ZXing.CoreCompat.Rendering.BitmapRenderer"/> class.
            </summary>
        </member>
        <member name="M:ZXing.CoreCompat.Rendering.BitmapRenderer.Render(ZXing.Common.BitMatrix,ZXing.BarcodeFormat,System.String)">
            <summary>
            Renders the specified matrix.
            </summary>
            <param name="matrix">The matrix.</param>
            <param name="format">The format.</param>
            <param name="content">The content.</param>
            <returns></returns>
        </member>
        <member name="M:ZXing.CoreCompat.Rendering.BitmapRenderer.Render(ZXing.Common.BitMatrix,ZXing.BarcodeFormat,System.String,ZXing.Common.EncodingOptions)">
            <summary>
            Renders the specified matrix.
            </summary>
            <param name="matrix">The matrix.</param>
            <param name="format">The format.</param>
            <param name="content">The content.</param>
            <param name="options">The options.</param>
            <returns></returns>
        </member>
        <member name="T:ZXing.BarcodeReaderExtensions">
            <summary>
            extensions methods which are working directly on any IBarcodeReaderGeneric implementation
            </summary>
        </member>
        <member name="M:ZXing.BarcodeReaderExtensions.Decode(ZXing.IBarcodeReaderGeneric,System.Drawing.Bitmap)">
            <summary>
            uses the IBarcodeReaderGeneric implementation and the <see cref="T:ZXing.CoreCompat.System.Drawing.BitmapLuminanceSource"/> class for decoding
            </summary>
            <param name="reader"></param>
            <param name="image"></param>
            <returns></returns>
        </member>
        <member name="M:ZXing.BarcodeReaderExtensions.DecodeMultiple(ZXing.IBarcodeReaderGeneric,System.Drawing.Bitmap)">
            <summary>
            uses the IBarcodeReaderGeneric implementation and the <see cref="T:ZXing.CoreCompat.System.Drawing.BitmapLuminanceSource"/> class for decoding
            </summary>
            <param name="reader"></param>
            <param name="image"></param>
            <returns></returns>
        </member>
        <member name="T:ZXing.BarcodeWriterExtensions">
            <summary>
            extensions methods which are working directly on any BarcodeWriterGeneric implementation
            </summary>
        </member>
        <member name="M:ZXing.BarcodeWriterExtensions.WriteAsBitmap(ZXing.IBarcodeWriterGeneric,System.String)">
            <summary>
            uses the BarcodeWriterGeneric implementation and the <see cref="T:ZXing.CoreCompat.Rendering.BitmapRenderer"/> class for decoding
            </summary>
            <param name="writer"></param>
            <param name="content"></param>
            <returns></returns>
        </member>
    </members>
</doc>
