<?xml version="1.0"?>
<doc>
    <assembly>
        <name>zxing.magick</name>
    </assembly>
    <members>
        <member name="T:ZXing.Magick.BarcodeReader">
            <summary>
            a barcode reader class which can be used with the Mat type from OpenCVSharp
            </summary>
        </member>
        <member name="F:ZXing.Magick.BarcodeReader.defaultCreateLuminanceSource">
            <summary>
            define a custom function for creation of a luminance source with our specialized MagickImage-supporting class
            </summary>
        </member>
        <member name="M:ZXing.Magick.BarcodeReader.#ctor">
            <summary>
            constructor which uses a custom luminance source with Mat support
            </summary>
        </member>
        <member name="T:ZXing.Magick.MagickImageLuminanceSource">
            <summary>
            A luminance source class which consumes a MagickImage image from ImageMagick and calculates the luminance values based on the bytes of the image
            </summary>
        </member>
        <member name="M:ZXing.Magick.MagickImageLuminanceSource.#ctor(ImageMagick.MagickImage)">
            <summary>
            initializing constructor
            </summary>
            <param name="image"></param>
        </member>
        <member name="M:ZXing.Magick.MagickImageLuminanceSource.#ctor(System.Byte[],System.Int32,System.Int32)">
            <summary>
            internal constructor used by CreateLuminanceSource
            </summary>
            <param name="luminances"></param>
            <param name="width"></param>
            <param name="height"></param>
        </member>
        <member name="M:ZXing.Magick.MagickImageLuminanceSource.CreateLuminanceSource(System.Byte[],System.Int32,System.Int32)">
            <summary>
            Should create a new luminance source with the right class type.
            The method is used in methods crop and rotate.
            </summary>
            <param name="newLuminances">The new luminances.</param>
            <param name="width">The width.</param>
            <param name="height">The height.</param>
            <returns></returns>
        </member>
        <member name="T:ZXing.BarcodeReaderExtensions">
            <summary>
            extensions methods which are working directly on any IBarcodeReaderGeneric implementation
            </summary>
        </member>
        <member name="M:ZXing.BarcodeReaderExtensions.Decode(ZXing.IBarcodeReaderGeneric,ImageMagick.MagickImage)">
            <summary>
            uses the IBarcodeReaderGeneric implementation and the <see cref="T:ZXing.Magick.MagickImageLuminanceSource"/> class for decoding
            </summary>
            <param name="reader"></param>
            <param name="image"></param>
            <returns></returns>
        </member>
        <member name="M:ZXing.BarcodeReaderExtensions.DecodeMultiple(ZXing.IBarcodeReaderGeneric,ImageMagick.MagickImage)">
            <summary>
            uses the IBarcodeReaderGeneric implementation and the <see cref="T:ZXing.Magick.MagickImageLuminanceSource"/> class for decoding
            </summary>
            <param name="reader"></param>
            <param name="image"></param>
            <returns></returns>
        </member>
    </members>
</doc>
